95;163.32;526.37;123.03;1;156.78;531.68;160.54;535.76;167.02;529.23;169.4;518.83;167.01;516.85;160.42;522.61;-1;-1;-1;-1;-1;-1;-1;-1;256;274;273;272;271;255;0
242;146.14;535.34;36.88;1;141.83;530.69;145.37;539.52;146.16;539.57;150.8;536.7;150.84;535.95;142.38;530.31;-1;-1;-1;-1;-1;-1;-1;-1;-1;-1;-1;-1;-1;-1;1
98;165.3;548.63;65.22;1;158.6;553.16;165.99;553.16;167.19;552.24;170.78;543.34;168.56;542.06;161.22;548.94;-1;-1;-1;-1;-1;-1;-1;-1;277;275;276;257;-1;-1;2
243;146.17;543.21;26.1;1;141.36;541.08;150.53;548.29;150.94;547.83;146.08;540.02;145.23;539.97;141.75;540.5;-1;-1;-1;-1;-1;-1;-1;-1;-1;-1;-1;-1;-1;-1;3
256;155.9;534.95;26.06;1;151.26;536.61;160.34;536.72;160.32;536.04;156.54;531.93;155.72;531.94;151.29;535.94;-1;-1;-1;-1;-1;-1;-1;-1;-1;-1;-1;-1;-1;-1;4
257;155.85;550.35;36.45;1;150.84;548.62;153.67;553.06;158.25;553.06;160.83;548.89;160.32;548.37;151.31;548.08;-1;-1;-1;-1;-1;-1;-1;-1;-1;-1;-1;-1;-1;-1;5
85;155.62;542.15;147.88;1;146.39;539.84;151.29;547.73;160.34;548.02;164.45;540.21;160.53;537.07;151.06;536.96;-1;-1;-1;-1;-1;-1;-1;-1;243;257;276;274;256;242;6
97;173.62;544.91;9.55;1;172.08;543.25;174.52;549.68;174.52;543.79;173.47;541.63;-1;-1;-1;-1;-1;-1;-1;-1;-1;-1;-1;-1;277;275;-1;-1;-1;-1;7
275;171.09;541.84;6.25;1;168.35;541.33;168.69;541.73;170.99;543.05;171.83;543.01;173.32;541.26;173.61;540.88;-1;-1;-1;-1;-1;-1;-1;-1;-1;-1;-1;-1;-1;-1;8
277;171.34;549.46;40.27;1;167.57;552.25;168.18;552.72;171.01;553.06;174.42;553.06;174.42;550.4;171.79;543.46;171.1;543.5;-1;-1;-1;-1;-1;-1;-1;-1;-1;-1;-1;-1;9
276;164.48;543.74;20.52;1;160.69;548.11;161.12;548.54;168.24;541.89;167.76;541.33;165.56;540.37;164.75;540.4;-1;-1;-1;-1;-1;-1;-1;-1;-1;-1;-1;-1;-1;-1;10
255;156.2;525.86;38.5;1;152.36;523.74;155.78;531.49;156.48;531.48;160.05;522.61;159.48;522.14;152.9;523.18;-1;-1;-1;-1;-1;-1;-1;-1;-1;-1;-1;-1;-1;-1;11
96;170.42;535.75;77.99;1;165.75;540.07;167.92;541.02;174.05;540.49;174.52;540.08;174.52;536.05;172.5;529.42;168.16;529.77;-1;-1;-1;-1;-1;-1;276;275;273;274;-1;-1;12
274;164.55;535.23;33.95;1;160.77;536.03;160.8;536.83;164.68;539.95;165.43;539.92;167.8;529.8;167.19;529.56;-1;-1;-1;-1;-1;-1;-1;-1;-1;-1;-1;-1;-1;-1;13
273;170.22;525.47;33.96;1;167.39;529.16;168.1;529.43;172.54;529.07;173.24;528.76;170.37;518.97;169.72;519;-1;-1;-1;-1;-1;-1;-1;-1;-1;-1;-1;-1;-1;-1;14
77;147.51;527.17;147.33;1;139.6;521.1;142.49;529.95;151.06;535.67;155.48;531.68;152;523.78;144.2;519.16;-1;-1;-1;-1;-1;-1;-1;-1;241;242;256;255;240;239;15
40;94.28;466.84;110.96;1;87.7;466.05;89.29;470.97;96.03;472.87;100.51;469.98;98.85;462.32;92.67;460.3;-1;-1;-1;-1;-1;-1;-1;-1;154;174;175;173;172;153;16
41;97.83;481.87;109.86;1;91.31;477.19;93.72;484.21;100.74;489.56;103.93;488.34;102.09;479.74;95.97;474.16;-1;-1;-1;-1;-1;-1;-1;-1;155;176;193;191;175;174;17
173;101.69;466.7;20.52;1;99.21;462.34;100.84;469.85;101.61;470.04;104.41;468.95;104.88;468.35;99.77;462.02;-1;-1;-1;-1;-1;-1;-1;-1;-1;-1;-1;-1;-1;-1;18
172;96.51;458.49;31.46;1;92.44;459.3;92.79;459.97;98.93;461.98;99.57;461.61;98.37;454.86;96.12;454.86;-1;-1;-1;-1;-1;-1;-1;-1;-1;-1;-1;-1;-1;-1;19
31;84.05;477.52;81.17;1;77.69;479.45;79.32;482.54;85.37;481.79;90.06;476.82;88.6;472.08;82.2;473.58;-1;-1;-1;-1;-1;-1;-1;-1;140;156;155;174;154;139;20
30;85.61;457.46;87;1;76.69;457.97;82.51;461.52;92.1;459.16;95.75;454.76;78.96;454.76;-1;-1;-1;-1;-1;-1;-1;-1;-1;-1;138;153;172;137;-1;-1;21
48;103.46;460.69;75.95;1;98.7;454.76;99.94;461.67;105.21;468.21;107.62;467.38;106.44;458.23;104.21;454.76;-1;-1;-1;-1;-1;-1;-1;-1;172;173;189;187;-1;-1;22
156;81.98;484.25;17.73;1;79.2;483.62;80.58;487.08;81.32;487.25;85.54;482.78;85.28;482.15;79.43;482.88;-1;-1;-1;-1;-1;-1;-1;-1;-1;-1;-1;-1;-1;-1;23
153;87.45;462.45;28.63;1;82.72;461.83;82.74;462.54;86.69;465.57;87.48;465.77;92.36;460.13;92.05;459.54;-1;-1;-1;-1;-1;-1;-1;-1;-1;-1;-1;-1;-1;-1;24
155;89.86;481.33;30.58;1;85.69;481.95;85.97;482.65;92.84;484.72;93.36;484.22;90.98;477.32;90.27;477.11;-1;-1;-1;-1;-1;-1;-1;-1;-1;-1;-1;-1;-1;-1;25
154;85.84;470.15;25.49;1;81.8;472.67;82.21;473.21;88.54;471.74;88.95;471.05;87.38;466.21;86.68;466.03;-1;-1;-1;-1;-1;-1;-1;-1;-1;-1;-1;-1;-1;-1;26
174;91.92;473.94;21.2;1;88.93;471.96;90.38;476.68;91.12;476.9;95.77;473.88;95.82;473.17;89.3;471.34;-1;-1;-1;-1;-1;-1;-1;-1;-1;-1;-1;-1;-1;-1;27
175;100.02;474.47;31;1;96.22;473.91;102.24;479.41;102.87;479.15;101.43;470.46;100.69;470.28;96.27;473.13;-1;-1;-1;-1;-1;-1;-1;-1;-1;-1;-1;-1;-1;-1;28
39;87.97;549.89;29.34;1;85.22;549.23;86.57;553.16;90.87;553.16;89.82;547.78;86.81;545.36;-1;-1;-1;-1;-1;-1;-1;-1;-1;-1;171;185;169;170;-1;-1;29
46;93.35;545.33;70.95;1;89.01;540.12;90.95;547.23;94.9;553.16;96.68;553.16;97.4;552.66;95.66;542.38;91.35;537.24;-1;-1;-1;-1;-1;-1;169;185;184;183;167;-1;30
78;144.7;548.31;97.86;1;137.87;542.18;141.63;552.6;142.39;553.16;153.32;553.16;150.46;548.69;141.03;541.27;-1;-1;-1;-1;-1;-1;-1;-1;229;257;243;227;-1;-1;31
266;168.87;496.57;6.89;1;166.01;495.27;166.11;495.83;168.78;497.73;169.66;497.7;171.47;497;171.81;496.51;-1;-1;-1;-1;-1;-1;-1;-1;-1;-1;-1;-1;-1;-1;32
254;150.38;510.46;30.71;1;147.43;506.02;149.57;515.23;150.26;515.41;153.86;510.59;153.58;509.83;148.02;505.67;-1;-1;-1;-1;-1;-1;-1;-1;-1;-1;-1;-1;-1;-1;33
240;148.93;519.26;29.8;1;144.47;518.91;152.06;523.41;152.53;522.91;150.18;515.85;149.41;515.66;144.68;518.21;-1;-1;-1;-1;-1;-1;-1;-1;-1;-1;-1;-1;-1;-1;34
237;143.48;491.49;29.73;1;138.84;486.35;143.82;495.58;144.63;495.57;147.54;493.9;147.9;493.23;139.3;485.92;-1;-1;-1;-1;-1;-1;-1;-1;-1;-1;-1;-1;-1;-1;35
92;172.7;503.22;26.61;1;169.86;498;172.77;507.17;174.52;511.17;174.52;503.3;171.56;497.35;-1;-1;-1;-1;-1;-1;-1;-1;-1;-1;268;267;266;-1;-1;-1;36
84;156.59;516.15;111.24;1;150.49;515.69;152.87;522.83;159.46;521.79;162.81;513.35;159.99;509.65;154.18;510.74;-1;-1;-1;-1;-1;-1;-1;-1;240;255;271;269;253;254;37
271;163.24;517.47;24.6;1;159.82;521.83;160.31;522.24;166.73;516.63;166.41;515.91;163.87;513.49;163.11;513.54;-1;-1;-1;-1;-1;-1;-1;-1;-1;-1;-1;-1;-1;-1;38
264;173.34;490.82;7.45;1;171.6;487.55;174.3;495.03;174.42;495.03;174.42;491.01;172.1;487.24;-1;-1;-1;-1;-1;-1;-1;-1;-1;-1;-1;-1;-1;-1;-1;-1;39
83;150.73;501.78;92.34;1;144.84;495.85;148.14;505.32;153.74;509.51;156.46;505.64;154.03;499.4;147.69;494.21;-1;-1;-1;-1;-1;-1;-1;-1;238;254;253;252;251;237;40
91;163.07;502.11;69.37;1;157.74;505.69;160.05;508.35;165.73;504.59;168.55;498;165.9;496.11;160.38;499.58;-1;-1;-1;-1;-1;-1;-1;-1;253;269;268;266;265;252;41
82;156.71;494.47;57.93;1;151.39;492.2;154.97;498.56;159.43;498.72;161.86;493.37;159.39;491.42;152.93;490.58;-1;-1;-1;-1;-1;-1;-1;-1;251;252;265;263;250;236;42
236;149.33;488.01;22.76;1;145;483.12;150.38;492.2;151.12;491.98;152.68;490.33;152.92;489.56;145.48;482.75;-1;-1;-1;-1;-1;-1;-1;-1;-1;-1;-1;-1;-1;-1;43
272;169.74;517.55;5.2;1;167.01;516.14;167.19;516.55;169.62;518.55;170.51;518.51;172.1;518.18;172.51;517.84;-1;-1;-1;-1;-1;-1;-1;-1;-1;-1;-1;-1;-1;-1;44
269;163.34;509.02;24.17;1;160.25;508.64;160.26;509.44;163.06;513.09;163.79;513.04;166.36;505.36;165.82;504.95;-1;-1;-1;-1;-1;-1;-1;-1;-1;-1;-1;-1;-1;-1;45
250;156.18;489.85;8.57;1;153.18;490.26;159.2;491.05;159.16;490.43;156.16;488.43;155.31;488.61;153.37;489.65;-1;-1;-1;-1;-1;-1;-1;-1;-1;-1;-1;-1;-1;-1;46
265;162.63;496.14;15.62;1;159.79;498.79;160.3;499.22;165.65;495.85;165.52;495.12;162.95;493.56;162.16;493.56;-1;-1;-1;-1;-1;-1;-1;-1;-1;-1;-1;-1;-1;-1;47
94;173.03;523.82;18.45;1;170.7;518.83;173.63;528.84;174.52;530.95;174.52;524.43;172.13;518.53;-1;-1;-1;-1;-1;-1;-1;-1;-1;-1;273;272;-1;-1;-1;-1;48
90;168.72;491.79;65.83;1;163.18;493.28;165.77;494.86;172.16;496.23;173.99;495.2;171.23;487.57;166.17;487.03;-1;-1;-1;-1;-1;-1;-1;-1;265;266;267;264;262;263;49
268;169.28;503.28;28.86;1;166.1;504.6;166.74;505.09;171.74;507.38;172.37;507.09;169.55;498.15;168.86;498.17;-1;-1;-1;-1;-1;-1;-1;-1;-1;-1;-1;-1;-1;-1;50
238;143.46;500.11;38.95;1;138.38;498.69;147.19;505.64;147.76;505.3;144.53;496.02;143.73;496.03;138.59;497.99;-1;-1;-1;-1;-1;-1;-1;-1;-1;-1;-1;-1;-1;-1;51
263;162.68;490.09;18.06;1;159.61;490.42;159.66;491.19;162.09;493.11;162.87;493.11;165.81;486.96;165.3;486.55;-1;-1;-1;-1;-1;-1;-1;-1;-1;-1;-1;-1;-1;-1;52
251;151.3;495.28;15.61;1;147.99;494;154.13;499.03;154.61;498.63;151.13;492.45;150.35;492.68;148.34;493.37;-1;-1;-1;-1;-1;-1;-1;-1;-1;-1;-1;-1;-1;-1;53
93;169.2;512;76.2;1;164.09;513.22;166.66;515.67;172.98;517.61;174.54;517.47;171.63;507.71;166.69;505.45;-1;-1;-1;-1;-1;-1;-1;-1;271;272;270;268;269;-1;54
253;156.96;508.38;14.61;1;154.02;509.72;154.26;510.37;159.81;509.33;159.8;508.6;157.49;505.93;156.71;505.89;-1;-1;-1;-1;-1;-1;-1;-1;-1;-1;-1;-1;-1;-1;55
267;173.54;498.21;9.27;1;171.88;497.21;174.42;502.31;174.42;495.48;174.21;495.48;172.34;496.53;-1;-1;-1;-1;-1;-1;-1;-1;-1;-1;-1;-1;-1;-1;-1;-1;56
252;157.17;501.41;21.28;1;154.4;499.39;156.76;505.44;157.45;505.48;160;499.56;159.42;499.07;154.98;498.91;-1;-1;-1;-1;-1;-1;-1;-1;-1;-1;-1;-1;-1;-1;57
137;75.08;455.98;13;1;70.79;454.86;75.57;457.99;76.37;457.81;78.46;454.86;-1;-1;-1;-1;-1;-1;-1;-1;-1;-1;-1;-1;-1;-1;-1;-1;-1;-1;58
139;76.96;475.48;33.05;1;71.97;474.64;76.66;479.06;77.45;479.19;81.84;473.47;81.41;472.91;72.21;473.97;-1;-1;-1;-1;-1;-1;-1;-1;-1;-1;-1;-1;-1;-1;59
21;76.4;468.18;145.86;1;65.69;468.77;72.09;473.63;81.45;472.55;86.41;465.8;82.48;462.79;70.58;464.64;-1;-1;-1;-1;-1;-1;-1;-1;126;139;154;153;138;125;60
140;76.12;481.88;15.32;1;72.63;482.48;72.71;483.16;78.79;483.4;79.01;482.7;77.39;479.64;76.61;479.51;-1;-1;-1;-1;-1;-1;-1;-1;-1;-1;-1;-1;-1;-1;61
138;76.32;461.57;35.68;1;70.52;463.63;70.69;464.27;82.29;462.47;82.27;461.79;76.47;458.25;75.64;458.43;-1;-1;-1;-1;-1;-1;-1;-1;-1;-1;-1;-1;-1;-1;62
141;67.53;481.99;31.77;1;62.11;477.97;68.16;485.84;68.97;485.78;72.28;483.27;72.18;482.53;62.54;477.5;-1;-1;-1;-1;-1;-1;-1;-1;-1;-1;-1;-1;-1;-1;63
246;161.08;471.45;34.78;1;156.66;472.52;156.73;473.28;161.33;475.6;162.1;475.47;164.86;466.46;164.27;466.14;-1;-1;-1;-1;-1;-1;-1;-1;-1;-1;-1;-1;-1;-1;64
72;145.94;462.2;67.77;1;142.02;454.76;143.02;462.95;148.49;471.11;150.25;469.49;147.35;458.84;145.62;454.76;-1;-1;-1;-1;-1;-1;-1;-1;231;232;247;245;-1;-1;65
232;145.12;469.05;22.43;1;142.23;463.46;144.94;473.19;145.7;473.08;147.87;472.04;148.21;471.32;142.81;463.26;-1;-1;-1;-1;-1;-1;-1;-1;-1;-1;-1;-1;-1;-1;66
75;142.02;484.21;83.3;1;134.43;476.96;139.39;485.54;148.21;493.04;150.09;492.4;144.6;483.14;136.88;475.61;-1;-1;-1;-1;-1;-1;-1;-1;222;237;251;236;235;221;67
248;161.92;478.68;18.52;1;158.66;481.9;159.1;482.38;165.5;477.75;165.16;477.1;162.25;475.9;161.45;476.03;-1;-1;-1;-1;-1;-1;-1;-1;-1;-1;-1;-1;-1;-1;68
262;168.78;484.15;27.61;1;165.58;486.2;166.18;486.68;171.27;487.23;171.9;486.84;169.18;479.35;168.49;479.36;-1;-1;-1;-1;-1;-1;-1;-1;-1;-1;-1;-1;-1;-1;69
88;172.5;483.38;29.35;1;169.48;479.17;172.29;486.88;174.52;490.51;174.52;483.16;171.38;477.78;-1;-1;-1;-1;-1;-1;-1;-1;-1;-1;262;264;261;260;-1;-1;70
87;168.17;471.9;90.68;1;162.43;475.6;165.35;476.8;171.82;476.59;173.88;474.86;170.81;465.86;165.22;466.46;-1;-1;-1;-1;-1;-1;-1;-1;248;260;261;259;258;246;71
80;159.34;463.37;148.44;1;151.52;469.28;156.41;472.28;164.14;465.8;167.09;455.57;162.44;454.73;153.99;461.74;-1;-1;-1;-1;-1;-1;-1;-1;247;246;258;244;245;-1;72
234;146.41;476.46;15.81;1;142.44;473.82;150.09;481.15;150.5;480.72;145.66;473.54;144.81;473.66;144.79;473.67;144.78;473.67;144.76;473.67;144.74;473.66;142.9;473.35;-1;-1;-1;-1;-1;-1;73
244;156.74;457.2;22.86;1;153.38;460.95;153.88;461.37;161.73;454.86;155.31;454.86;-1;-1;-1;-1;-1;-1;-1;-1;-1;-1;-1;-1;-1;-1;-1;-1;-1;-1;74
245;150.7;463.35;30.58;1;147.75;458.95;150.55;469.27;151.2;469.14;153.62;461.74;152.99;461.21;148.4;458.74;-1;-1;-1;-1;-1;-1;-1;-1;-1;-1;-1;-1;-1;-1;75
259;173.16;470.01;9.11;1;171.17;465.83;174.18;474.67;174.42;474.68;174.42;470.79;171.68;465.54;-1;-1;-1;-1;-1;-1;-1;-1;-1;-1;-1;-1;-1;-1;-1;-1;76
258;167.91;462.11;39.82;1;164.51;465.76;165.17;466.12;170.83;465.5;171.49;465.13;168.09;455.63;167.42;455.69;-1;-1;-1;-1;-1;-1;-1;-1;-1;-1;-1;-1;-1;-1;77
249;154.89;483.93;30.88;1;150.39;481.48;155.33;488.15;156.06;487.99;158.8;482.72;158.28;482.15;150.87;480.98;-1;-1;-1;-1;-1;-1;-1;-1;-1;-1;-1;-1;-1;-1;78
74;147.98;481.98;52.99;1;140.56;473.55;145.6;482.38;153.2;489.34;155.05;488.36;150;481.55;142.06;473.94;-1;-1;-1;-1;-1;-1;-1;-1;235;236;250;234;233;-1;79
202;112.19;540.65;42.32;1;108.82;536.33;110.22;545.59;110.94;545.7;117.08;540.38;116.85;539.66;109.49;536.08;-1;-1;-1;-1;-1;-1;-1;-1;-1;-1;-1;-1;-1;-1;80
217;122.79;538.39;41.08;1;117.3;539.56;117.51;540.25;127.59;541.26;127.96;540.65;123.57;534.17;122.78;534.17;-1;-1;-1;-1;-1;-1;-1;-1;-1;-1;-1;-1;-1;-1;81
203;103.47;545.25;27.11;1;101.3;538.78;102.67;550.17;103.39;550.15;105.93;548.19;106.33;547.46;101.92;538.67;-1;-1;-1;-1;-1;-1;-1;-1;-1;-1;-1;-1;-1;-1;82
204;111.4;549.01;24.87;1;106.42;548.23;116.52;552.73;116.74;552.16;110.9;546.15;110.06;546.01;106.75;547.64;-1;-1;-1;-1;-1;-1;-1;-1;-1;-1;-1;-1;-1;-1;83
54;105.42;537.45;95.25;1;101.44;527.37;102.16;538.39;106.64;547.3;109.89;545.71;108.45;536.22;103.66;527.18;-1;-1;-1;-1;-1;-1;-1;-1;182;203;204;202;201;180;84
63;114.76;532.27;123.31;1;108.44;526.71;109.62;535.76;117.02;539.35;122.52;533.93;118.94;528.79;111.74;525.33;-1;-1;-1;-1;-1;-1;-1;-1;201;202;217;216;215;200;85
64;122.08;546.97;183.16;1;111.19;545.95;117.07;551.99;124.74;553.16;128.48;553.16;132.05;548.67;127.63;541.61;117.38;540.58;-1;-1;-1;-1;-1;-1;204;230;228;217;202;-1;86
201;107.09;530.13;22.51;1;104.02;527.11;108.67;535.9;109.26;535.69;108.1;526.81;107.31;526.61;104.59;526.65;-1;-1;-1;-1;-1;-1;-1;-1;-1;-1;-1;-1;-1;-1;87
55;108.61;551.47;31.89;1;103.63;550.41;105.06;553.16;116.6;553.16;116.57;553.14;106.12;548.48;-1;-1;-1;-1;-1;-1;-1;-1;-1;-1;204;203;-1;-1;-1;-1;88
216;123.16;530.19;25.9;1;119.28;528.66;122.8;533.72;123.57;533.72;127.02;529;126.8;528.31;119.54;527.99;-1;-1;-1;-1;-1;-1;-1;-1;-1;-1;-1;-1;-1;-1;89
215;115.6;525.45;15.74;1;112.06;525.09;118.9;528.38;119.14;527.8;115.51;522.99;114.69;523.02;112.42;524.48;-1;-1;-1;-1;-1;-1;-1;-1;-1;-1;-1;-1;-1;-1;90
86;172.3;460.38;51.63;1;168.39;455.43;171.88;465.18;174.52;470.22;174.52;457.1;173.15;454.76;169.31;454.76;-1;-1;-1;-1;-1;-1;-1;-1;258;259;-1;-1;-1;-1;91
89;162.35;484.17;68.87;1;156.37;488.15;159.38;490.16;165.21;486.19;168.18;479.19;165.8;477.96;159.17;482.77;-1;-1;-1;-1;-1;-1;-1;-1;250;263;262;260;248;249;92
79;151.49;457.12;28.39;1;148.21;454.76;148.55;458.42;153.04;460.84;154.97;454.76;-1;-1;-1;-1;-1;-1;-1;-1;-1;-1;-1;-1;245;244;-1;-1;-1;-1;93
81;153.83;476.83;90.15;1;145.95;473.35;150.86;480.63;158.32;481.8;161.13;475.89;156.49;473.54;148.06;472.34;-1;-1;-1;-1;-1;-1;-1;-1;234;249;248;246;247;232;94
261;173.47;478.17;10.69;1;171.67;477.59;174.42;482.29;174.42;475.13;174.1;475.12;172.05;476.85;-1;-1;-1;-1;-1;-1;-1;-1;-1;-1;-1;-1;-1;-1;-1;-1;95
65;126.8;458.39;81.86;1;119.91;458.63;122.87;462.45;129.96;462.18;133.68;457.79;132.08;454.76;122.92;454.76;-1;-1;-1;-1;-1;-1;-1;-1;206;220;219;218;205;-1;96
221;133.38;474.51;14.94;1;129.75;472.58;133.36;476.68;134.21;476.69;136.73;475.29;137.02;474.68;129.93;471.98;-1;-1;-1;-1;-1;-1;-1;-1;-1;-1;-1;-1;-1;-1;97
220;126.32;464.38;20.92;1;122.77;463.49;125.59;467.26;126.37;467.37;130.11;463.19;129.87;462.53;122.98;462.79;-1;-1;-1;-1;-1;-1;-1;-1;-1;-1;-1;-1;-1;-1;98
218;134.83;455.93;8.31;1;132.53;454.86;133.97;457.6;134.74;457.68;137.02;455.63;137.26;454.92;137.14;454.86;-1;-1;-1;-1;-1;-1;-1;-1;-1;-1;-1;-1;-1;-1;99
66;132.98;469.02;75.28;1;126.62;467.61;129.86;471.58;137.32;474.42;139.16;473.48;136.04;466.18;130.4;463.39;-1;-1;-1;-1;-1;-1;-1;-1;207;221;235;233;219;220;100
207;125.34;471.26;28.15;1;120.7;473.44;121.06;474.02;129.32;472.44;129.54;471.73;126.34;467.82;125.56;467.71;-1;-1;-1;-1;-1;-1;-1;-1;-1;-1;-1;-1;-1;-1;101
210;123.02;485.08;25.75;1;118.52;484.52;118.54;485.24;121.66;487.97;122.48;488.12;128.14;482.97;127.9;482.36;-1;-1;-1;-1;-1;-1;-1;-1;-1;-1;-1;-1;-1;-1;102
219;133.77;462.14;25.93;1;130.28;462.34;130.55;463.07;136.13;465.83;136.74;465.47;134.65;458.12;133.92;458.05;-1;-1;-1;-1;-1;-1;-1;-1;-1;-1;-1;-1;-1;-1;103
73;139.59;464.43;65.1;1;134.96;457.96;137.12;465.52;142.89;472.99;144.61;473.28;141.84;463.37;137.19;455.95;-1;-1;-1;-1;-1;-1;-1;-1;219;233;234;232;231;218;104
231;140.49;457.94;21.62;1;137.46;455.73;142.05;463.05;142.66;462.84;141.68;454.86;137.79;454.86;137.74;454.92;-1;-1;-1;-1;-1;-1;-1;-1;-1;-1;-1;-1;-1;-1;105
222;133.71;481.86;45.22;1;128.3;482.16;128.57;482.85;138.51;486.05;139.01;485.58;134.13;477.14;133.35;477.13;-1;-1;-1;-1;-1;-1;-1;-1;-1;-1;-1;-1;-1;-1;106
58;124.26;478.45;119.88;1;115.54;480.98;118.34;484.2;127.97;481.99;133.09;476.9;129.45;472.77;121.01;474.38;-1;-1;-1;-1;-1;-1;-1;-1;209;210;222;221;207;208;107
233;139.37;470.44;14.26;1;136.43;466.18;139.46;473.29;140.26;473.13;140.29;473.12;140.31;473.12;140.33;473.12;140.36;473.13;142.05;473.57;142.52;473.09;136.95;465.87;-1;-1;-1;-1;-1;-1;108
260;168.64;477.76;7.01;1;165.69;477.14;165.95;477.65;168.39;478.91;169.26;478.9;171.24;477.45;171.5;476.95;-1;-1;-1;-1;-1;-1;-1;-1;-1;-1;-1;-1;-1;-1;109
247;152.08;471.53;13.83;1;148.37;472.03;156.27;473.16;156.21;472.56;151.33;469.57;150.5;469.74;148.65;471.44;-1;-1;-1;-1;-1;-1;-1;-1;-1;-1;-1;-1;-1;-1;110
235;140.97;477.46;21.94;1;137.17;475.41;144.72;482.77;145.2;482.4;140.19;473.6;139.4;473.76;137.5;474.72;-1;-1;-1;-1;-1;-1;-1;-1;-1;-1;-1;-1;-1;-1;111
241;138.45;524.75;30.01;1;134.14;522.68;141.59;530.31;142.12;529.94;139.27;521.22;138.48;521.01;134.52;522.05;-1;-1;-1;-1;-1;-1;-1;-1;-1;-1;-1;-1;-1;-1;112
71;136.11;550.48;27.4;1;133.33;548.71;134.25;553.16;140.49;553.16;134.79;545.84;-1;-1;-1;-1;-1;-1;-1;-1;-1;-1;-1;-1;230;229;228;-1;-1;-1;113
227;137.4;538.18;26.68;1;133.96;532.99;136.87;541.88;137.68;541.87;140.92;540.94;141.33;540.32;134.51;532.68;-1;-1;-1;-1;-1;-1;-1;-1;-1;-1;-1;-1;-1;-1;114
69;138.15;531.72;93.47;1;131.31;523.69;134.67;532.32;141.66;540.16;145.04;539.64;141.45;530.67;133.83;522.86;-1;-1;-1;-1;-1;-1;-1;-1;226;227;243;242;241;225;115
229;137.99;547.08;23.02;1;135.03;545.58;140.71;552.89;141.25;552.58;137.55;542.32;136.84;542.33;135.4;544.81;-1;-1;-1;-1;-1;-1;-1;-1;-1;-1;-1;-1;-1;-1;116
70;130.5;536.69;102.33;1;123.84;533.94;128.32;540.55;135.16;544.54;136.57;542.09;133.59;532.97;127.3;529.21;-1;-1;-1;-1;-1;-1;-1;-1;217;228;229;227;226;216;117
226;130.75;528.32;28.71;1;127.22;528.13;127.46;528.9;133.7;532.63;134.28;532.29;131;523.85;130.28;523.94;-1;-1;-1;-1;-1;-1;-1;-1;-1;-1;-1;-1;-1;-1;118
230;131.9;551.5;11.59;1;129;553.06;133.87;553.06;133.02;548.91;132.31;548.91;-1;-1;-1;-1;-1;-1;-1;-1;-1;-1;-1;-1;-1;-1;-1;-1;-1;-1;119
228;131.69;544.77;20.79;1;127.97;541.5;132.33;548.46;133.06;548.46;134.56;545.51;134.91;544.8;128.31;540.95;-1;-1;-1;-1;-1;-1;-1;-1;-1;-1;-1;-1;-1;-1;120
239;139.51;516.63;36.2;1;135.35;511.39;138.65;520.59;139.43;520.8;144.02;518.85;144.23;518.13;135.88;511.01;-1;-1;-1;-1;-1;-1;-1;-1;-1;-1;-1;-1;-1;-1;121
224;131.1;505.83;44.91;1;126.07;505.21;126.19;505.96;135.07;511.04;135.62;510.64;132;500.94;131.24;500.82;-1;-1;-1;-1;-1;-1;-1;-1;-1;-1;-1;-1;-1;-1;123
76;141.15;508.13;176.84;1;132.32;500.81;136;510.65;144.51;517.91;149.24;515.35;147.06;505.98;138.1;498.92;-1;-1;-1;-1;-1;-1;-1;-1;224;239;240;254;238;223;124
223;132.23;497.55;32.04;1;126.9;494.6;131.3;500.38;132.14;500.5;137.94;498.6;138.13;497.96;127.16;493.99;-1;-1;-1;-1;-1;-1;-1;-1;-1;-1;-1;-1;-1;-1;125
67;133.22;490.53;173.45;1;122.72;488.38;127.11;493.6;138.41;497.68;143.51;495.74;138.48;486.41;128.44;483.17;-1;-1;-1;-1;-1;-1;-1;-1;211;223;238;237;222;210;126
68;130.34;514.04;130.2;1;121.87;510.18;126.32;516.51;134.39;521.72;138.32;520.69;134.98;511.39;126;506.26;-1;-1;-1;-1;-1;-1;-1;-1;213;225;241;239;224;212;127
192;108.55;490.56;11.56;1;106.42;488.43;109.69;494.75;110.23;494.47;108.95;487.73;108.18;487.6;107.11;488.09;-1;-1;-1;-1;-1;-1;-1;-1;-1;-1;-1;-1;-1;-1;128
198;108.83;509.32;14.66;1;105.73;506.87;111.39;513.98;111.89;513.65;108.55;506.27;107.72;506.36;107.72;506.36;107.71;506.36;107.7;506.36;107.7;506.36;106.22;506.36;-1;-1;-1;-1;-1;-1;129
200;108.4;522.27;28.06;1;105.52;516.71;107.53;526.2;108.29;526.39;111.59;525.01;111.98;524.34;106.1;516.44;-1;-1;-1;-1;-1;-1;-1;-1;-1;-1;-1;-1;-1;-1;130
59;114.67;489.62;85.29;1;109.27;487.57;110.58;494.47;116.36;494.66;121.39;488.2;118.27;485.46;111.51;485.01;-1;-1;-1;-1;-1;-1;-1;-1;192;194;211;210;209;190;131
193;103.79;492.26;23.64;1;100.56;490.58;105.57;497.33;106.18;497.12;104.87;488.77;104.1;488.65;100.89;489.88;-1;-1;-1;-1;-1;-1;-1;-1;-1;-1;-1;-1;-1;-1;133
194;112.99;497.3;26;1;109.87;495.17;111.91;501.43;112.62;501.38;116.72;495.6;116.3;495.01;110.53;494.82;-1;-1;-1;-1;-1;-1;-1;-1;-1;-1;-1;-1;-1;-1;134
60;121.95;500.16;133.08;1;112.91;501.58;116.76;504.94;125.78;504.99;131;500.57;126.58;494.76;117.07;495.72;-1;-1;-1;-1;-1;-1;-1;-1;196;212;224;223;211;194;135
212;121.22;507.02;25.65;1;116.75;505.97;120.8;510.05;121.61;509.95;125.74;506.02;125.63;505.34;116.9;505.29;-1;-1;-1;-1;-1;-1;-1;-1;-1;-1;-1;-1;-1;-1;136
53;109;515.61;68.39;1;103.53;507.02;106.29;516.1;112.28;524.16;114.46;522.74;111.23;514.35;105.38;506.99;-1;-1;-1;-1;-1;-1;-1;-1;199;200;215;214;198;197;137
196;113.18;503.85;11.52;1;110.29;504.18;116.34;505.77;116.47;505.15;112.67;501.83;111.86;501.89;110.53;503.5;-1;-1;-1;-1;-1;-1;-1;-1;-1;-1;-1;-1;-1;-1;138
214;115;517.82;28.93;1;111.62;514.37;114.77;522.56;115.48;522.54;118.35;516.89;117.88;516.24;112.2;513.99;-1;-1;-1;-1;-1;-1;-1;-1;-1;-1;-1;-1;-1;-1;139
195;107.91;502.14;14.75;1;105.75;497.74;107.87;505.89;108.57;505.81;109.79;504.22;110.08;503.42;106.34;497.54;-1;-1;-1;-1;-1;-1;-1;-1;-1;-1;-1;-1;-1;-1;140
62;122.73;522.66;111.81;1;115.76;522.74;119.46;527.64;126.91;527.96;130;523.72;125.59;517.54;118.69;517;-1;-1;-1;-1;-1;-1;-1;-1;215;216;226;225;213;214;141
211;121.81;492.6;37.26;1;116.7;494.8;117.11;495.36;126.49;494.42;126.78;493.75;122.42;488.57;121.66;488.43;-1;-1;-1;-1;-1;-1;-1;-1;-1;-1;-1;-1;-1;-1;142
51;108.23;496.16;35.62;1;105.2;488.67;106.55;497.23;110.34;503.18;111.61;501.64;109.48;495.1;106.05;488.48;-1;-1;-1;-1;-1;-1;-1;-1;193;195;196;194;192;191;143
187;108.52;463.5;16.7;1;106.8;458.34;107.96;467.27;108.69;467.39;110.16;466.4;110.78;465.86;107.39;458.17;-1;-1;-1;-1;-1;-1;-1;-1;-1;-1;-1;-1;-1;-1;144
206;119.39;461.28;15.52;1;116.37;462.22;122.36;463.28;122.56;462.62;119.63;458.84;118.85;458.76;116.38;461.5;-1;-1;-1;-1;-1;-1;-1;-1;-1;-1;-1;-1;-1;-1;145
56;115.47;457.27;26.55;1;111.87;454.76;112.25;456.58;116.16;461.22;118.61;458.49;117.27;454.76;-1;-1;-1;-1;-1;-1;-1;-1;-1;-1;186;206;205;-1;-1;-1;146
190;109.42;482.88;18.93;1;108.19;477.67;108.37;487.18;109.05;487.29;111.25;484.77;111.45;483.93;108.82;477.59;-1;-1;-1;-1;-1;-1;-1;-1;-1;-1;-1;-1;-1;-1;147
186;113.47;461.18;18.95;1;111.44;457.11;112.67;464.87;113.38;464.96;115.92;462.32;115.93;461.49;112.06;456.9;-1;-1;-1;-1;-1;-1;-1;-1;-1;-1;-1;-1;-1;-1;148
47;109.93;459.42;29.16;1;107.24;454.76;107.64;457.87;111.11;465.74;112.34;465;111.07;457;110.16;454.76;-1;-1;-1;-1;-1;-1;-1;-1;187;188;186;-1;-1;-1;149
57;118.88;467.76;87.7;1;113.6;465.24;114.78;472.28;120.37;473.28;125.31;467.46;122.45;463.65;116.19;462.54;-1;-1;-1;-1;-1;-1;-1;-1;188;208;207;220;206;186;150
49;111.39;475.29;59.5;1;108.87;467.69;109.08;477.32;111.72;483.67;114.28;480.7;113.62;472.8;110.25;466.76;-1;-1;-1;-1;-1;-1;-1;-1;189;190;209;208;188;187;151
188;112.75;468.35;12.67;1;110.58;466.62;113.84;472.48;114.42;472.25;113.27;465.4;112.52;465.3;111.18;466.1;-1;-1;-1;-1;-1;-1;-1;-1;-1;-1;-1;-1;-1;-1;152
205;119.76;456.18;9.54;1;117.68;454.86;118.92;458.31;119.65;458.39;122.4;454.86;-1;-1;-1;-1;-1;-1;-1;-1;-1;-1;-1;-1;-1;-1;-1;-1;-1;-1;153
191;104.43;484.8;13.81;1;102.46;479.81;104.26;488.22;105.05;488.34;106.04;488.12;106.72;487.78;103;479.58;-1;-1;-1;-1;-1;-1;-1;-1;-1;-1;-1;-1;-1;-1;154
209;114.92;483.48;15.05;1;111.73;484.67;118.09;485.1;118.07;484.43;115.25;481.18;114.49;481;111.89;484.01;-1;-1;-1;-1;-1;-1;-1;-1;-1;-1;-1;-1;-1;-1;155
50;105.27;477.78;62.22;1;101.76;470.36;103.24;479.25;107.07;487.72;108.03;487.29;107.84;477.49;104.48;469.3;-1;-1;-1;-1;-1;-1;-1;-1;175;191;192;190;189;173;156
189;107.29;471.58;21.4;1;104.81;469.17;108.11;477.22;108.73;477.15;108.53;467.82;107.78;467.7;105.31;468.54;-1;-1;-1;-1;-1;-1;-1;-1;-1;-1;-1;-1;-1;-1;157
208;116.57;475.89;30.82;1;113.98;472.91;114.62;480.56;115.29;480.73;120.67;474.25;120.28;473.62;114.69;472.63;-1;-1;-1;-1;-1;-1;-1;-1;-1;-1;-1;-1;-1;-1;158
213;121.87;514.55;28.77;1;118.29;516.03;118.74;516.65;125.55;517.19;125.96;516.6;121.6;510.41;120.87;510.49;-1;-1;-1;-1;-1;-1;-1;-1;-1;-1;-1;-1;-1;-1;159
180;100.83;523.96;18.38;1;97.89;519.43;100.48;526.92;101.31;527.03;103.65;526.83;104.2;526.39;98.37;519.05;-1;-1;-1;-1;-1;-1;-1;-1;-1;-1;-1;-1;-1;-1;160
164;82.74;527.39;18.28;1;79.84;525.21;82.83;530.99;83.54;530.89;85.31;526.46;84.85;525.81;80.35;524.73;-1;-1;-1;-1;-1;-1;-1;-1;-1;-1;-1;-1;-1;-1;161
165;83.7;534.22;12.37;1;81.77;535.5;82.26;536.1;85.65;535.95;85.99;535.29;83.58;531.34;82.88;531.43;-1;-1;-1;-1;-1;-1;-1;-1;-1;-1;-1;-1;-1;-1;162
184;98.18;548.32;20.41;1;96.03;542.48;97.73;552.5;98.48;552.55;100.19;551.61;100.84;551.14;96.6;542.28;-1;-1;-1;-1;-1;-1;-1;-1;-1;-1;-1;-1;-1;-1;163
170;84.58;546.46;10.28;1;82.65;545.66;84.23;549.02;84.94;549;86.5;545.2;86.03;544.62;83.04;545;-1;-1;-1;-1;-1;-1;-1;-1;-1;-1;-1;-1;-1;-1;164
163;88.03;524.42;19.07;1;85.24;525.59;85.69;526.21;90.79;526.63;91.19;526.03;87.92;521.04;87.19;521.09;-1;-1;-1;-1;-1;-1;-1;-1;-1;-1;-1;-1;-1;-1;165
182;100.06;532.14;25.07;1;97.47;530.34;101.19;538.34;101.8;538.23;101.09;527.46;100.38;527.36;97.79;529.55;-1;-1;-1;-1;-1;-1;-1;-1;-1;-1;-1;-1;-1;-1;166
36;88.67;531.2;64.91;1;83.84;531.09;86.33;535.16;91.16;535.91;93.72;532.39;90.82;526.99;85.65;526.56;-1;-1;-1;-1;-1;-1;-1;-1;165;167;183;181;163;164;167
171;84.58;551.65;6.98;1;82.97;553.06;86.16;553.06;84.93;549.45;84.25;549.47;-1;-1;-1;-1;-1;-1;-1;-1;-1;-1;-1;-1;-1;-1;-1;-1;-1;-1;168
185;91.91;550.96;10.42;1;90.19;547.84;91.21;553.06;94.41;553.06;90.75;547.57;-1;-1;-1;-1;-1;-1;-1;-1;-1;-1;-1;-1;-1;-1;-1;-1;-1;-1;169
183;94.11;537.12;22.95;1;91.45;536.11;91.57;536.95;95.85;542.06;96.46;541.85;94.68;532.66;93.97;532.63;-1;-1;-1;-1;-1;-1;-1;-1;-1;-1;-1;-1;-1;-1;170
45;98.81;540.3;67.99;1;95;532.49;96.84;541.96;101.18;551.03;102.33;550.34;100.93;538.62;97.18;530.55;-1;-1;-1;-1;-1;-1;-1;-1;183;184;203;182;181;-1;171
167;88.54;537.4;13.06;1;86.05;536.16;88.01;539.86;88.77;539.86;91.12;536.97;91.02;536.25;86.38;535.52;-1;-1;-1;-1;-1;-1;-1;-1;-1;-1;-1;-1;-1;-1;172
181;94.2;529.42;16.33;1;91.16;526.88;94;532.18;94.78;532.22;97.04;530.21;97.32;529.52;91.53;526.33;-1;-1;-1;-1;-1;-1;-1;-1;-1;-1;-1;-1;-1;-1;173
37;84.3;540.36;40.52;1;81.03;540.68;82.98;544.65;86.04;544.27;87.74;540.09;85.72;536.29;82.25;536.45;-1;-1;-1;-1;-1;-1;-1;-1;168;170;169;167;165;166;174
169;88.5;544;14.88;1;86.38;544.35;86.91;545;89.96;547.45;90.57;547.16;88.7;540.31;88.03;540.31;-1;-1;-1;-1;-1;-1;-1;-1;-1;-1;-1;-1;-1;-1;175
160;79.95;505.35;21.57;1;76.77;502.99;79.69;508.98;80.42;508.91;83.07;504.79;82.85;504.05;77.27;502.49;-1;-1;-1;-1;-1;-1;-1;-1;-1;-1;-1;-1;-1;-1;176
33;80.46;498.21;81.55;1;74.86;496.83;77.29;502.13;82.99;503.72;86.18;499.59;83.17;493.88;77.55;492.88;-1;-1;-1;-1;-1;-1;-1;-1;145;160;159;158;157;143;177
199;102.6;511;27.27;1;98.93;509.54;105.32;516.31;105.9;516.03;103.19;507.12;102.41;507.07;99.08;508.78;-1;-1;-1;-1;-1;-1;-1;-1;-1;-1;-1;-1;-1;-1;178
197;102.51;503.97;15.15;1;99.38;500.04;102.51;506.63;103.37;506.68;105.34;506.64;105.82;506.13;99.85;499.65;-1;-1;-1;-1;-1;-1;-1;-1;-1;-1;-1;-1;-1;-1;179
32;88.62;489.13;111.69;1;81.54;487.52;83.94;492.86;91.4;495.04;95.8;491.84;92.81;485.08;85.84;482.98;-1;-1;-1;-1;-1;-1;-1;-1;157;158;177;176;155;156;180
162;87.42;517.36;21.95;1;83.86;515.64;87.15;520.65;87.91;520.59;90.9;516.56;90.64;515.86;84.25;515.05;-1;-1;-1;-1;-1;-1;-1;-1;-1;-1;-1;-1;-1;-1;181
178;94.69;508.69;20.09;1;90.79;506.26;94.4;511.33;95.22;511.35;98.49;509.46;98.63;508.76;91.14;505.7;-1;-1;-1;-1;-1;-1;-1;-1;-1;-1;-1;-1;-1;-1;182
157;80.57;491.01;20.81;1;77.3;491.87;77.64;492.54;83.15;493.52;83.59;492.93;81.23;487.69;80.51;487.53;-1;-1;-1;-1;-1;-1;-1;-1;-1;-1;-1;-1;-1;-1;183
43;101.66;517.89;87.65;1;95.44;511.63;98.52;518.67;104.57;526.3;107.18;526.26;105.15;516.64;98.67;509.77;-1;-1;-1;-1;-1;-1;-1;-1;179;180;201;200;199;178;184
159;86.97;503.32;24.65;1;83.28;503.91;83.49;504.63;90.41;506.02;90.78;505.42;87.2;499.86;86.43;499.83;-1;-1;-1;-1;-1;-1;-1;-1;-1;-1;-1;-1;-1;-1;185
158;87.23;496.14;24.86;1;83.51;493.79;86.46;499.38;87.25;499.41;91.24;496.07;91.21;495.35;83.93;493.22;-1;-1;-1;-1;-1;-1;-1;-1;-1;-1;-1;-1;-1;-1;186
35;81.85;519.79;70.22;1;76.93;517.72;80.37;524.37;84.91;525.47;86.9;520.89;83.51;515.75;78.16;514.05;-1;-1;-1;-1;-1;-1;-1;-1;149;164;163;162;161;147;187
179;94.67;515.6;25.56;1;91.06;515.7;91.33;516.42;97.59;519.09;98.14;518.67;95.13;511.8;94.38;511.78;-1;-1;-1;-1;-1;-1;-1;-1;-1;-1;-1;-1;-1;-1;188
161;80.74;512.65;17.55;1;78.14;512.94;78.27;513.72;83.49;515.38;83.87;514.81;80.43;509.36;79.71;509.43;-1;-1;-1;-1;-1;-1;-1;-1;-1;-1;-1;-1;-1;-1;189
176;96.63;488.7;21.83;1;93.17;485.03;96.11;491.68;96.91;491.8;100.13;490.43;100.44;489.77;93.64;484.58;-1;-1;-1;-1;-1;-1;-1;-1;-1;-1;-1;-1;-1;-1;190
24;68.13;492.73;57.34;1;61.79;487.08;66.1;494.43;71.68;498.97;73.57;496.74;71.13;491.68;64.22;486.92;-1;-1;-1;-1;-1;-1;-1;-1;129;144;145;143;142;128;192
145;74.35;499.78;14.08;1;71.86;500.02;76.46;502.66;76.93;502.19;74.57;497.04;73.82;496.99;71.92;499.23;-1;-1;-1;-1;-1;-1;-1;-1;-1;-1;-1;-1;-1;-1;193
142;68.33;488.12;14.29;1;64.55;486.72;71.2;491.3;71.62;490.82;68.93;486.23;68.07;486.3;68.06;486.3;68.06;486.3;68.05;486.3;68.05;486.3;64.86;486.15;-1;-1;-1;-1;-1;-1;194
149;77.02;521.39;16.31;1;74.39;521.38;79.53;524.88;80.01;524.43;76.68;517.98;75.97;518.12;74.62;520.6;-1;-1;-1;-1;-1;-1;-1;-1;-1;-1;-1;-1;-1;-1;195
148;70.99;519.71;22.89;1;67.24;515.07;71.7;524.07;72.42;523.96;73.92;521.38;74.15;520.58;67.74;514.69;-1;-1;-1;-1;-1;-1;-1;-1;-1;-1;-1;-1;-1;-1;196
144;68.73;498.8;17.68;1;65.5;495.19;69.11;502.29;69.85;502.24;71.41;500.06;71.47;499.24;66;494.8;-1;-1;-1;-1;-1;-1;-1;-1;-1;-1;-1;-1;-1;-1;197
26;69.99;512.22;71.91;1;64.01;505.99;67.86;514.33;74.37;520.31;75.68;517.91;72.09;510.04;66.32;504.68;-1;-1;-1;-1;-1;-1;-1;-1;131;148;149;147;146;130;198
146;69.72;505.68;16.77;1;66.61;504.47;72.21;509.68;72.73;509.31;69.83;502.7;69.04;502.75;66.93;503.78;-1;-1;-1;-1;-1;-1;-1;-1;-1;-1;-1;-1;-1;-1;199
143;74.32;493.44;17.56;1;71.5;491.63;73.87;496.55;74.6;496.59;77.23;492.72;76.88;492.05;71.98;491.1;-1;-1;-1;-1;-1;-1;-1;-1;-1;-1;-1;-1;-1;-1;200
25;74.86;506.35;58.48;1;70.12;502.47;73.11;509.31;77.85;512.72;79.42;509.22;76.4;503.04;71.66;500.31;-1;-1;-1;-1;-1;-1;-1;-1;146;147;161;160;145;144;201
23;74.97;487.24;64;1;69.22;486.03;71.98;490.74;76.98;491.71;80.27;487.26;78.87;483.75;72.56;483.5;-1;-1;-1;-1;-1;-1;-1;-1;142;143;157;156;140;141;202
147;75.47;513.57;18.7;1;72.48;510.04;75.95;517.66;76.63;517.53;77.84;513.88;77.7;513.04;73.01;509.66;-1;-1;-1;-1;-1;-1;-1;-1;-1;-1;-1;-1;-1;-1;203
177;95.85;495.84;29.31;1;91.65;495.28;91.69;496.03;99.07;499.71;99.6;499.27;96.78;492.23;96.01;492.12;-1;-1;-1;-1;-1;-1;-1;-1;-1;-1;-1;-1;-1;-1;204
52;102.4;497.98;64.83;1;97.1;492.09;99.97;499.27;106.18;506.01;107.54;506.01;105.37;497.65;100.25;490.75;-1;-1;-1;-1;-1;-1;-1;-1;177;197;198;195;193;176;205
42;94.88;502.54;98.54;1;87.49;499.66;91.13;505.32;98.88;508.49;102.2;506.79;99.01;500.07;91.49;496.32;-1;-1;-1;-1;-1;-1;-1;-1;159;178;199;197;177;158;206
34;87.26;510.35;94.34;1;80.7;509.12;84.21;514.69;90.75;515.52;94.12;511.54;90.45;506.38;83.37;504.97;-1;-1;-1;-1;-1;-1;-1;-1;161;162;179;178;159;160;207
27;77.84;528.44;65.16;1;72.7;524.17;76.84;532.44;81.45;535.36;82.57;531.25;79.46;525.25;74.17;521.65;-1;-1;-1;-1;-1;-1;-1;-1;150;166;165;164;149;148;208
150;72.29;527.95;26.59;1;67.94;526.32;75.97;532.87;76.47;532.47;72.43;524.41;71.63;524.53;68.26;525.67;-1;-1;-1;-1;-1;-1;-1;-1;-1;-1;-1;-1;-1;-1;209
29;71.77;550.62;27.9;1;67.52;547.07;70.54;553.16;77.28;553.16;70.39;547.36;-1;-1;-1;-1;-1;-1;-1;-1;-1;-1;-1;-1;136;152;134;-1;-1;-1;210
151;73.76;542.17;26.49;1;69.09;537.4;74.7;546.35;75.47;546.29;77.51;544.11;77.61;543.32;69.55;536.99;-1;-1;-1;-1;-1;-1;-1;-1;-1;-1;-1;-1;-1;-1;211
168;80.36;543.31;11.51;1;77.97;544.05;82.29;545.38;82.65;544.78;80.77;540.93;80.02;541.02;78.07;543.31;-1;-1;-1;-1;-1;-1;-1;-1;-1;-1;-1;-1;-1;-1;212
28;72.24;534.43;99.36;1;64;527.21;69.64;536.61;77.83;543.04;79.76;540.79;75.87;533.24;67.62;526.52;-1;-1;-1;-1;-1;-1;-1;-1;133;151;168;166;150;132;213
38;80.02;548.79;48.48;1;75.72;546.53;78.62;552.66;80.29;553.16;82.56;553.16;83.96;549.25;82.31;545.75;77.76;544.35;-1;-1;-1;-1;-1;-1;152;171;170;168;151;-1;214
166;79.42;536.56;18.85;1;76.25;533.22;80.04;540.56;80.73;540.48;81.9;536.38;81.38;535.72;76.76;532.81;-1;-1;-1;-1;-1;-1;-1;-1;-1;-1;-1;-1;-1;-1;215
152;74.78;549.09;18.55;1;70.74;547.19;77.71;553.06;77.82;553.06;78.25;552.7;75.44;546.74;74.6;546.81;74.59;546.81;74.58;546.82;74.57;546.82;74.57;546.81;-1;-1;-1;-1;-1;-1;216
61;114.74;509.95;77.66;1;108.84;506.04;112.27;513.64;117.96;515.9;120.57;510.31;116.44;506.16;110.04;504.47;-1;-1;-1;-1;-1;-1;-1;-1;198;214;213;212;196;195;217
225;130.02;520.72;18.9;1;125.93;517.42;130.26;523.49;131.1;523.39;133.71;522.53;134.07;521.93;126.29;516.91;-1;-1;-1;-1;-1;-1;-1;-1;-1;-1;-1;-1;-1;-1;219
44;94.37;522.91;85.49;1;88.19;520.81;91.54;525.94;97.59;529.27;100.17;527.08;97.52;519.45;91.19;516.75;-1;-1;-1;-1;-1;-1;-1;-1;163;181;182;180;179;162;220
121;52.13;528.79;23.43;1;46.72;526.71;51.99;531.13;52.87;531.02;57.45;529.66;57.6;529.02;46.91;526.1;-1;-1;-1;-1;-1;-1;-1;-1;-1;-1;-1;-1;-1;-1;224
134;65.25;543.94;21.59;1;59.47;539.63;66.41;546.91;67.26;546.71;67.28;546.7;67.29;546.7;67.31;546.7;67.33;546.7;70.33;547;70.67;546.46;59.81;539.15;-1;-1;-1;-1;-1;-1;225
136;66.19;550.38;27.25;1;62.04;549.92;66.25;553.06;70.1;553.06;67.19;547.19;66.41;547.37;62.13;549.19;-1;-1;-1;-1;-1;-1;-1;-1;-1;-1;-1;-1;-1;-1;226
12;42.34;531.7;123.76;1;33.13;532.36;37.45;536.19;47.2;535.91;51.74;531.38;46.42;526.91;37.12;527.66;-1;-1;-1;-1;-1;-1;-1;-1;110;123;122;121;108;109;227
111;33.67;549.84;33.99;1;30.35;546.48;30.35;549.38;32.02;553.06;35.37;553.06;37.77;548.94;37.47;548.22;-1;-1;-1;-1;-1;-1;-1;-1;-1;-1;-1;-1;-1;-1;228
122;53.21;535.78;43.93;1;47.51;536.09;47.75;536.79;59.08;539.4;59.46;538.85;52.83;531.47;52.03;531.58;-1;-1;-1;-1;-1;-1;-1;-1;-1;-1;-1;-1;-1;-1;229
14;45.37;551.14;72.9;1;35.72;553.16;56.01;553.16;56.28;552.79;49.21;548.32;38.09;549.08;-1;-1;-1;-1;-1;-1;-1;-1;-1;-1;135;124;111;-1;-1;-1;230
19;63.82;537.9;116.46;1;53.14;531.3;59.83;538.74;71.02;546.27;74.34;546.45;68.7;537.45;57.62;529.97;-1;-1;-1;-1;-1;-1;-1;-1;122;134;152;151;133;121;231
109;33.05;529.09;21.14;1;30.35;529.98;32.06;532.16;32.85;532.15;36.79;527.51;36.45;526.9;30.35;527.42;-1;-1;-1;-1;-1;-1;-1;-1;-1;-1;-1;-1;-1;-1;232
13;54.14;543.36;159.2;1;42.92;542.42;49.45;547.09;61.91;548.9;66.12;547.11;59.11;539.77;47.62;537.12;-1;-1;-1;-1;-1;-1;-1;-1;124;135;136;134;122;123;233
135;55.86;549.79;29.1;1;49.49;548.08;56.5;552.52;57.36;552.34;61.59;549.88;61.67;549.22;49.59;547.46;-1;-1;-1;-1;-1;-1;-1;-1;-1;-1;-1;-1;-1;-1;234
133;63.58;531.42;39.98;1;57.89;529.74;68.78;537.08;69.25;536.65;63.68;527.35;62.85;527.41;58.06;529.04;-1;-1;-1;-1;-1;-1;-1;-1;-1;-1;-1;-1;-1;-1;235
123;42.3;538.51;34.45;1;37.34;537.21;41.83;542.28;42.63;542.22;47.32;536.93;47.1;536.26;37.56;536.54;-1;-1;-1;-1;-1;-1;-1;-1;-1;-1;-1;-1;-1;-1;236
20;61.53;552.14;13.28;1;57.63;552.58;58.12;553.16;65.8;553.16;61.79;550.17;-1;-1;-1;-1;-1;-1;-1;-1;-1;-1;-1;-1;136;135;-1;-1;-1;-1;237
124;43.17;546.32;38.07;1;37.89;548.07;38.16;548.72;49.05;547.98;49.16;547.31;42.67;542.67;41.86;542.72;-1;-1;-1;-1;-1;-1;-1;-1;-1;-1;-1;-1;-1;-1;238
110;33.23;535.07;17.85;1;30.35;534.17;30.35;536.21;36.93;537.02;37.14;536.39;32.87;532.6;32.04;532.61;-1;-1;-1;-1;-1;-1;-1;-1;-1;-1;-1;-1;-1;-1;239
2;38.75;488.7;171.17;1;30.25;491.5;33.01;494;44.65;493.69;50.44;490;42.57;483.53;31.27;482.92;30.25;485.02;-1;-1;-1;-1;-1;-1;103;118;117;102;-1;-1;240
106;32.63;517.26;16;1;30.35;519.16;36.1;518.41;36.09;517.72;31.95;514.87;31.14;514.96;30.35;516.14;-1;-1;-1;-1;-1;-1;-1;-1;-1;-1;-1;-1;-1;-1;241
18;62.42;517.01;130.11;1;53.06;511.29;58.04;518.63;68.12;525.35;71.4;524.24;66.86;515.08;57.83;509.14;-1;-1;-1;-1;-1;-1;-1;-1;120;132;150;148;131;119;242
129;61.15;490.33;26.29;1;56.29;488.64;65.21;494.85;65.71;494.46;61.47;487.23;60.68;487.45;60.67;487.46;60.66;487.46;60.65;487.46;60.64;487.46;56.51;487.98;-1;-1;-1;-1;-1;-1;243
105;32.14;510.18;22.39;1;30.35;513.34;31.12;514.51;31.86;514.43;35.09;507.64;34.56;507.13;30.35;507.48;-1;-1;-1;-1;-1;-1;-1;-1;-1;-1;-1;-1;-1;-1;244
132;62.73;523.77;27.1;1;57.6;519.5;62.92;526.95;63.78;526.9;67.51;526.18;67.81;525.56;58;519.02;-1;-1;-1;-1;-1;-1;-1;-1;-1;-1;-1;-1;-1;-1;245
130;62.28;502.4;22.63;1;57.62;498.46;62.96;505.69;63.79;505.71;66.17;504.37;66.47;503.7;58.01;497.97;-1;-1;-1;-1;-1;-1;-1;-1;-1;-1;-1;-1;-1;-1;246
103;38.64;495.9;32.59;1;33.09;495.02;37.81;499.01;38.65;498.88;44.56;494.7;44.48;494.04;33.16;494.34;-1;-1;-1;-1;-1;-1;-1;-1;-1;-1;-1;-1;-1;-1;247
11;52.17;522.94;139.75;1;41.69;521.33;46.81;525.71;57.87;528.73;62.61;527.12;57.24;519.6;46.65;516.98;-1;-1;-1;-1;-1;-1;-1;-1;108;121;133;132;120;107;248
10;50.95;501.52;169.14;1;38.94;499.1;45.93;504.91;57.97;507.87;62.65;505.86;57.26;498.56;44.82;494.94;-1;-1;-1;-1;-1;-1;-1;-1;104;119;131;130;118;103;249
4;41.39;511.81;145.54;1;32.16;514.6;36.35;517.47;46.28;515.77;51.68;511.18;45.52;506.1;35.45;507.7;-1;-1;-1;-1;-1;-1;-1;-1;106;107;120;119;104;105;250
107;41.32;518.47;24.89;1;36.54;517.79;36.55;518.48;40.56;521.17;41.4;521.11;46.36;516.77;46.17;516.14;-1;-1;-1;-1;-1;-1;-1;-1;-1;-1;-1;-1;-1;-1;251
17;60.73;495.8;92.75;1;51.86;489.89;58.05;497.57;66.77;503.47;68.81;502.47;65.12;495.22;56;488.86;-1;-1;-1;-1;-1;-1;-1;-1;118;130;146;144;129;117;252
131;62.98;509.88;34.14;1;58.09;508.88;66.95;514.72;67.48;514.33;63.7;506.16;62.89;506.14;58.18;508.16;-1;-1;-1;-1;-1;-1;-1;-1;-1;-1;-1;-1;-1;-1;253
104;39.67;503.99;45.89;1;34.91;506.84;35.44;507.35;45.39;505.77;45.61;505.1;38.67;499.33;37.91;499.45;-1;-1;-1;-1;-1;-1;-1;-1;-1;-1;-1;-1;-1;-1;254
119;51.9;508.23;29.85;1;45.82;505.89;51.96;510.96;52.83;511;57.64;508.84;57.73;508.17;46.02;505.29;-1;-1;-1;-1;-1;-1;-1;-1;-1;-1;-1;-1;-1;-1;255
112;54.15;456.63;8.99;1;50.77;454.86;56.61;459.47;57.02;459.02;54.01;454.86;-1;-1;-1;-1;-1;-1;-1;-1;-1;-1;-1;-1;-1;-1;-1;-1;-1;-1;256
0;36.25;468;89.63;1;30.25;471.11;40.33;472.05;44.6;469.47;38.72;464.17;30.25;463.61;-1;-1;-1;-1;-1;-1;-1;-1;-1;-1;101;116;115;100;-1;-1;257
15;65.54;458.14;110.4;1;54.37;454.76;57.39;458.94;70.23;463.41;75.33;458.25;69.99;454.76;-1;-1;-1;-1;-1;-1;-1;-1;-1;-1;112;125;138;137;-1;-1;258
127;56.08;472.19;27.72;1;50.18;469.32;61.78;477.65;62.2;477.21;55.26;468.86;54.46;469.15;54.44;469.16;54.42;469.17;54.39;469.16;54.36;469.16;50.46;468.74;-1;-1;-1;-1;-1;-1;259
115;44.49;466.99;19.71;1;39.05;464;44.87;469.24;45.7;468.98;45.72;468.97;45.74;468.96;45.76;468.97;45.78;468.97;49.76;469.16;50.03;468.6;39.31;463.45;-1;-1;-1;-1;-1;-1;260
22;66.67;475.72;102.76;1;55.64;468.78;62.58;477.12;72.38;482.24;76.36;479.26;71.63;474.8;59.72;469.5;-1;-1;-1;-1;-1;-1;-1;-1;127;141;140;139;126;114;261
101;35;473.4;25.42;1;30.35;472.54;34.41;476.01;35.25;475.91;40.15;473.05;40.14;472.39;30.35;471.47;-1;-1;-1;-1;-1;-1;-1;-1;-1;-1;-1;-1;-1;-1;262
128;59.19;483.48;23.97;1;53.25;478.68;60.69;486.98;61.52;486.75;61.53;486.75;61.54;486.75;61.55;486.75;61.56;486.74;64.11;486.58;64.44;485.98;53.62;478.22;-1;-1;-1;-1;-1;-1;263
116;46.54;473.64;41.68;1;40.58;472.31;40.6;473.03;52.88;478.41;53.29;477.92;45.7;469.45;44.9;469.7;-1;-1;-1;-1;-1;-1;-1;-1;-1;-1;-1;-1;-1;-1;264
9;47.7;480.49;143.23;1;35.54;476.15;43.09;482.39;56.36;487.65;60.36;487.14;52.87;478.79;40.38;473.32;-1;-1;-1;-1;-1;-1;-1;-1;102;117;129;128;116;101;265
1;31.56;477.15;18.38;1;30.25;481.79;30.59;481.82;34.17;476.27;30.25;472.91;-1;-1;-1;-1;-1;-1;-1;-1;-1;-1;-1;-1;102;101;-1;-1;-1;-1;266
114;53.85;465.46;28.07;1;47.75;460.34;54.46;468.67;55.25;468.39;55.28;468.38;55.31;468.37;55.34;468.37;55.37;468.38;59.63;469.13;59.93;468.56;48.18;459.91;-1;-1;-1;-1;-1;-1;267
102;36.28;480.57;43.43;1;30.92;481.95;31.32;482.57;42.47;483.18;42.75;482.56;35.26;476.36;34.47;476.45;-1;-1;-1;-1;-1;-1;-1;-1;-1;-1;-1;-1;-1;-1;268
8;43.71;462.07;97.28;1;34.34;458.43;39.28;463.04;50.37;468.37;54.1;468.78;47.37;460.43;37.83;455.62;-1;-1;-1;-1;-1;-1;-1;-1;100;115;127;114;113;99;269
16;57.11;477.51;90.76;1;46.06;469.33;53.67;477.82;64.77;485.79;67.79;485.93;61.72;478.04;49.85;469.52;-1;-1;-1;-1;-1;-1;-1;-1;128;142;141;127;115;-1;270
113;43.38;456.74;20.94;1;37.92;454.86;38.01;455.32;47.41;460.05;47.86;459.59;44.53;454.86;-1;-1;-1;-1;-1;-1;-1;-1;-1;-1;-1;-1;-1;-1;-1;-1;271
7;54.13;461.16;82.97;1;44.89;454.76;48.24;459.52;60.26;468.37;64.24;468.95;56.54;459.87;50.08;454.76;-1;-1;-1;-1;-1;-1;-1;-1;113;114;126;125;112;-1;272
125;63.95;464;51.79;1;56.93;459.78;64.62;468.85;65.38;468.57;70.27;464.44;70.08;463.73;57.37;459.3;-1;-1;-1;-1;-1;-1;-1;-1;-1;-1;-1;-1;-1;-1;273
100;34.17;461.72;26.7;1;30.35;461.53;30.35;463.27;38.64;463.82;38.93;463.2;34.07;458.65;33.25;458.67;-1;-1;-1;-1;-1;-1;-1;-1;-1;-1;-1;-1;-1;-1;274
126;66.02;471.04;17.93;1;60.07;469.27;71.58;474.39;71.78;473.84;65.45;469.03;64.63;469.33;64.6;469.34;64.58;469.35;64.55;469.35;64.52;469.34;60.34;468.74;-1;-1;-1;-1;-1;-1;275
5;34.42;522.81;62.72;1;30.25;527.07;36.51;526.54;40.32;521.43;36.29;518.73;30.25;519.53;-1;-1;-1;-1;-1;-1;-1;-1;-1;-1;109;108;107;106;-1;-1;276
120;52.21;515.63;42.27;1;46.59;515.96;46.8;516.65;57.23;519.24;57.67;518.7;52.75;511.45;51.95;511.41;-1;-1;-1;-1;-1;-1;-1;-1;-1;-1;-1;-1;-1;-1;277
3;33.11;501.17;64.45;1;30.25;507.14;34.56;506.78;37.6;499.29;32.81;495.24;30.25;495.23;-1;-1;-1;-1;-1;-1;-1;-1;-1;-1;105;104;103;-1;-1;-1;278
118;51.29;494.22;46.34;1;44.92;493.92;45;494.63;57.26;498.19;57.67;497.67;51.55;490.06;50.74;490.22;-1;-1;-1;-1;-1;-1;-1;-1;-1;-1;-1;-1;-1;-1;279
117;49.75;486.77;30.28;1;42.89;483.34;50.72;489.77;51.59;489.59;55.85;488.54;56.06;487.91;43.14;482.78;-1;-1;-1;-1;-1;-1;-1;-1;-1;-1;-1;-1;-1;-1;280
108;41.49;525;30.93;1;36.85;526.68;37.19;527.3;46.29;526.57;46.5;525.9;41.42;521.56;40.62;521.62;-1;-1;-1;-1;-1;-1;-1;-1;-1;-1;-1;-1;-1;-1;281
6;35.02;542.19;92.87;1;30.25;546.1;37.59;547.89;41.58;542.51;37.02;537.38;30.25;536.55;-1;-1;-1;-1;-1;-1;-1;-1;-1;-1;111;124;123;110;-1;-1;282
